<?xml version="1.0" encoding="UTF-8"?>
<!-- ATTENTION - THIS IS AN AUTOMATICALLY GENERATED FILE -->
<!-- Manual changes can cause severe problems and system instability -->
<!-- Apply manual changes only if you have received explicit instructions from dynaTrace Support -->
<dynatrace version="3.5.0.2151">
  <systemprofile repositoryaccess="true" description="Is pre-configured to run a Google Analytics Monitor" capture="true">
    <technology type="java" />
    <technology type="dotnet" />
    <license interactive="false" />
    <sensorgroups>
      <sensorgroup>
        <sensor order="0" description="App" hint="Default Sensor Group for Java Method Sensor Rules" group="Methods" type="java" userdefined="false" defaultorder="0" key="com.dynatrace.diagnostics.sensorgroup.method.Java.2bb49db77c96" />
      </sensorgroup>
      <sensorgroup>
        <sensor order="0" description="App" hint="Default Sensor Group for .Net Method Sensor Rules" group="Methods" type="dotnet" userdefined="false" defaultorder="0" key="com.dynatrace.diagnostics.sensorgroup.method..NET.2bb49db77c97" />
      </sensorgroup>
      <sensorgroup>
        <sensor order="0" description="App" hint="Default Sensor Group for Java Memory Sensor Rules" group="Memory" type="heap" userdefined="false" defaultorder="0" key="com.dynatrace.diagnostics.sensorgroup.memory.Java.2bb49db77c98" />
      </sensorgroup>
      <sensorgroup>
        <sensor order="0" description="App" hint="Default Sensor Group for .Net Memory Sensor Rules" group="Memory" type="dotnetheap" userdefined="false" defaultorder="0" key="com.dynatrace.diagnostics.sensorgroup.memory..NET.2bb49db77c99" />
      </sensorgroup>
    </sensorgroups>
    <measures>
      <measure operationname="" servicecontext="SERVER" endpoint="" id="Bytes Received" rate="purepath" istimeseries="true" description="Represents the number of bytes received by the Web Service." endpointmatch="equals" ischartable="true" metricid="Bytes Received" measuretype="WebServiceMeasure" isaggregated="false" operationnamematch="equals" metricgroupid="Web Services" displayaggregations="31" displayunit="bytes">
        <color color.blue="0" color.green="0" color.red="0" />
      </measure>
      <measure operationname="" servicecontext="SERVER" endpoint="" id="Bytes Sent" rate="purepath" istimeseries="true" description="Represents the number of bytes sent by the Web Service." endpointmatch="equals" ischartable="true" metricid="Bytes Sent" measuretype="WebServiceMeasure" isaggregated="false" operationnamematch="equals" metricgroupid="Web Services" displayaggregations="31" displayunit="bytes">
        <color color.blue="64" color.green="128" color.red="64" />
      </measure>
      <measure servicecontext="SERVER" id="Execution Count" rate="purepath" sql="" istimeseries="true" description="Represents the number of executed statements regardless of whether the statement has been prepared before or not." ischartable="true" metricid="Execution Count" measuretype="JdbcMeasure" isaggregated="false" sqlmatch="equals" metricgroupid="Database" displayaggregations="31" displayunit="number">
        <color color.blue="128" color.green="192" color.red="192" />
      </measure>
      <measure servicecontext="SERVER" id="Preparation Count" rate="purepath" sql="" istimeseries="true" description="Represents the number of preparations that have occurred." ischartable="true" metricid="Preparation Count" measuretype="JdbcMeasure" isaggregated="false" sqlmatch="equals" metricgroupid="Database" displayaggregations="31" displayunit="number">
        <color color.blue="0" color.green="64" color.red="0" />
      </measure>
      <measure servicecontext="SERVER" id="Time" rate="purepath" sql="" istimeseries="true" description="Represents the total time that has been spent by the database connection component and the database management system for database execution calls." ischartable="true" metricid="Time" measuretype="JdbcMeasure" isaggregated="false" sqlmatch="equals" metricgroupid="Database" displayaggregations="31" displayunit="ms">
        <color color.blue="128" color.green="128" color.red="0" />
      </measure>
      <measure id="Committed Memory" rate="purepath" description="Amount of memory that is guaranteed to be available for use by the Java Virtual Machine." servicecontext="SERVER" istimeseries="true" ischartable="true" metricid="Committed Memory" measuretype="Measure" isaggregated="false" metricgroupid="Java Virtual Machine" displayaggregations="23" displayunit="megabytes">
        <color color.blue="64" color.green="192" color.red="64" />
      </measure>
      <measure id="Loaded Classes" rate="purepath" description="Number of classes that are currently loaded in the Java Virtual Machine." servicecontext="SERVER" istimeseries="true" ischartable="true" metricid="Loaded Classes" measuretype="Measure" isaggregated="false" metricgroupid="Java Virtual Machine" displayaggregations="23" displayunit="number">
        <color color.blue="64" color.green="0" color.red="192" />
      </measure>
      <measure id="Max Memory" rate="purepath" description="Maximal amount of memory that can be used by the Virtual Machine." servicecontext="SERVER" istimeseries="true" ischartable="true" metricid="Max Memory" measuretype="Measure" isaggregated="false" metricgroupid="Java Virtual Machine" displayaggregations="23" displayunit="megabytes">
        <color color.blue="192" color.green="128" color.red="128" />
      </measure>
      <measure id="Memory Utilization" rate="purepath" description="Percentage of used memory related to max memory of the Virtual Machine." servicecontext="SERVER" istimeseries="true" ischartable="true" metricid="Memory Utilization" measuretype="Measure" isaggregated="false" metricgroupid="Java Virtual Machine" displayaggregations="31" displayunit="percent">
        <color color.blue="64" color.green="192" color.red="128" />
      </measure>
      <measure id="Thread Count" rate="purepath" description="Number of live threads including both daemon and non-daemon threads." servicecontext="SERVER" istimeseries="true" ischartable="true" metricid="Thread Count" measuretype="Measure" isaggregated="false" metricgroupid="Java Virtual Machine" displayaggregations="23" displayunit="number">
        <color color.blue="192" color.green="128" color.red="192" />
      </measure>
      <measure id="Total GC Activations" rate="purepath" description="Number of activations of all garbage collectors registered to the Java Virtual Machine within the last sample interval (10s)." servicecontext="SERVER" istimeseries="true" ischartable="true" metricid="Total GC Activations" measuretype="Measure" isaggregated="false" metricgroupid="Java Virtual Machine" displayaggregations="31" displayunit="number">
        <color color.blue="0" color.green="64" color.red="128" />
      </measure>
      <measure id="Total GC Collection Time" rate="purepath" description="Collection time of all garbage collectors registered to the Java Virtual Machine within the last sample interval (10s)." servicecontext="SERVER" istimeseries="true" ischartable="true" metricid="Total GC Collection Time" measuretype="Measure" isaggregated="false" metricgroupid="Java Virtual Machine" displayaggregations="31" displayunit="ms">
        <color color.blue="0" color.green="128" color.red="128" />
      </measure>
      <measure id="Total GC Utilization" rate="purepath" description="Percentage of garbage collection time related to CPU time of the Java Virtual Machine within the last sample interval (10s)." servicecontext="SERVER" istimeseries="true" ischartable="true" metricid="Total GC Utilization" measuretype="Measure" isaggregated="false" metricgroupid="Java Virtual Machine" displayaggregations="31" displayunit="percent">
        <color color.blue="192" color.green="192" color.red="64" />
      </measure>
      <measure id="Unloaded Classes" rate="purepath" description="Number of unloaded classes since the Java Virtual Machine has started execution." servicecontext="SERVER" istimeseries="true" ischartable="true" metricid="Unloaded Classes" measuretype="Measure" isaggregated="false" metricgroupid="Java Virtual Machine" displayaggregations="23" displayunit="number">
        <color color.blue="192" color.green="128" color.red="192" />
      </measure>
      <measure id="Used Memory" rate="purepath" description="Amount of memory currently used by the Virtual Machine." servicecontext="SERVER" istimeseries="true" ischartable="true" metricid="Used Memory" measuretype="Measure" isaggregated="false" metricgroupid="Java Virtual Machine" displayaggregations="31" displayunit="megabytes">
        <color color.blue="0" color.green="128" color.red="64" />
      </measure>
      <measure methodnamematch="equals" matchignorewhitespaces="false" evaluation="stringValue" groupmeasurement="None" id="Bytes Received" rate="purepath" description="Represents the number of bytes that have been received." metricgroupid="Remoting" valuetomatch="" servicecontext="SERVER" classname="" taggedregex="" usedmethod="all" argumentnotomatch="-1" classnamematch="equals" matchcasesensitive="false" methodname="" istimeseries="true" ischartable="true" metricid="Bytes Received" measuretype="MethodMeasure" isaggregated="false" match="contains" displayaggregations="31" displayunit="bytes">
        <color color.blue="64" color.green="192" color.red="64" />
      </measure>
      <measure methodnamematch="equals" matchignorewhitespaces="false" evaluation="stringValue" groupmeasurement="None" id="Bytes Sent" rate="purepath" description="Represents the number of bytes that have been sent." metricgroupid="Remoting" valuetomatch="" servicecontext="SERVER" classname="" taggedregex="" usedmethod="all" argumentnotomatch="-1" classnamematch="equals" matchcasesensitive="false" methodname="" istimeseries="true" ischartable="true" metricid="Bytes Sent" measuretype="MethodMeasure" isaggregated="false" match="contains" displayaggregations="31" displayunit="bytes">
        <color color.blue="192" color.green="64" color.red="64" />
      </measure>
      <measure id=".NET Garbage Collection (# Gen 0)" rate="purepath" description="Number of times the generation 0 objects were garbage collected (Gen 0 GC) per interval." servicecontext="SERVER" istimeseries="true" ischartable="true" metricid=".NET Garbage Collection (# Gen 0)" measuretype="PerfMonMeasure" isaggregated="false" metricgroupid=".NET Common Language Runtime" displayaggregations="31" displayunit="number">
        <perfmonperformancecounter performanceobject=".NET CLR Memory" instance="{monitored_process}" performancecounter="# Gen 0 Collections" />
        <color color.blue="128" color.green="192" color.red="0" />
      </measure>
      <measure id=".NET Garbage Collection (# Gen 1)" rate="purepath" description="Number of times the generation 1 objects were garbage collected (Gen 1 GC) per interval." servicecontext="SERVER" istimeseries="true" ischartable="true" metricid=".NET Garbage Collection (# Gen 1)" measuretype="PerfMonMeasure" isaggregated="false" metricgroupid=".NET Common Language Runtime" displayaggregations="31" displayunit="number">
        <perfmonperformancecounter performanceobject=".NET CLR Memory" instance="{monitored_process}" performancecounter="# Gen 1 Collections" />
        <color color.blue="0" color.green="64" color.red="64" />
      </measure>
      <measure id=".NET Garbage Collection (# Gen 2)" rate="purepath" description="Number of times the generation 2 objects were garbage collected (Gen 2 GC) per interval." servicecontext="SERVER" istimeseries="true" ischartable="true" metricid=".NET Garbage Collection (# Gen 2)" measuretype="PerfMonMeasure" isaggregated="false" metricgroupid=".NET Common Language Runtime" displayaggregations="31" displayunit="number">
        <perfmonperformancecounter performanceobject=".NET CLR Memory" instance="{monitored_process}" performancecounter="# Gen 2 Collections" />
        <color color.blue="192" color.green="192" color.red="0" />
      </measure>
      <measure id=".NET Garbage Collection (% in GC)" rate="purepath" description="Percentage of elapsed time that was spent on performing a Garbage Collection (GC) since the last GC cycle." servicecontext="SERVER" istimeseries="true" ischartable="true" metricid=".NET Garbage Collection (% in GC)" measuretype="PerfMonMeasure" isaggregated="false" metricgroupid=".NET Common Language Runtime" displayaggregations="7" displayunit="percent">
        <perfmonperformancecounter performanceobject=".NET CLR Memory" instance="{monitored_process}" performancecounter="% Time in GC" />
        <color color.blue="0" color.green="128" color.red="192" />
      </measure>
      <measure id=".NET Memory Consumption (Heap Size Gen 0)" rate="purepath" description="Maximum number of bytes that can be allocated in Generation 0 (Gen 0)." servicecontext="SERVER" istimeseries="true" ischartable="true" metricid=".NET Memory Consumption (Heap Size Gen 0)" measuretype="PerfMonMeasure" isaggregated="false" metricgroupid=".NET Common Language Runtime" displayaggregations="7" displayunit="bytes">
        <perfmonperformancecounter performanceobject=".NET CLR Memory" instance="{monitored_process}" performancecounter="Gen 0 heap size" />
        <color color.blue="128" color.green="0" color.red="0" />
      </measure>
      <measure id=".NET Memory Consumption (Heap Size Gen 1)" rate="purepath" description="Current number of bytes allocated in Generation 1 (Gen 1)." servicecontext="SERVER" istimeseries="true" ischartable="true" metricid=".NET Memory Consumption (Heap Size Gen 1)" measuretype="PerfMonMeasure" isaggregated="false" metricgroupid=".NET Common Language Runtime" displayaggregations="7" displayunit="bytes">
        <perfmonperformancecounter performanceobject=".NET CLR Memory" instance="{monitored_process}" performancecounter="Gen 1 heap size" />
        <color color.blue="0" color.green="128" color.red="128" />
      </measure>
      <measure id=".NET Memory Consumption (Heap Size Gen 2)" rate="purepath" description="Current number of bytes allocated in Generation 2 (Gen 2)." servicecontext="SERVER" istimeseries="true" ischartable="true" metricid=".NET Memory Consumption (Heap Size Gen 2)" measuretype="PerfMonMeasure" isaggregated="false" metricgroupid=".NET Common Language Runtime" displayaggregations="7" displayunit="bytes">
        <perfmonperformancecounter performanceobject=".NET CLR Memory" instance="{monitored_process}" performancecounter="Gen 2 heap size" />
        <color color.blue="64" color.green="128" color.red="64" />
      </measure>
      <measure id=".NET Memory Consumption (Large Object Heap Size)" rate="purepath" description="Current number of bytes allocated for Large Objects (&gt;20KBytes)." servicecontext="SERVER" istimeseries="true" ischartable="true" metricid=".NET Memory Consumption (Large Object Heap Size)" measuretype="PerfMonMeasure" isaggregated="false" metricgroupid=".NET Common Language Runtime" displayaggregations="7" displayunit="bytes">
        <perfmonperformancecounter performanceobject=".NET CLR Memory" instance="{monitored_process}" performancecounter="Large Object Heap size" />
        <color color.blue="192" color.green="192" color.red="64" />
      </measure>
      <measure id=".NET Memory Consumption (NonPaged)" rate="purepath" description="Amount of non-paged memory used by the monitored .NET Process." servicecontext="SERVER" istimeseries="true" ischartable="true" metricid=".NET Memory Consumption (NonPaged)" measuretype="PerfMonMeasure" isaggregated="false" metricgroupid=".NET Common Language Runtime" displayaggregations="7" displayunit="bytes">
        <perfmonperformancecounter performanceobject="Process" instance="{monitored_process}" performancecounter="Pool Nonpaged Bytes" />
        <color color.blue="64" color.green="0" color.red="0" />
      </measure>
      <measure id=".NET Memory Consumption (Paged)" rate="purepath" description="Amount of paged memory used by the monitored .NET Process." servicecontext="SERVER" istimeseries="true" ischartable="true" metricid=".NET Memory Consumption (Paged)" measuretype="PerfMonMeasure" isaggregated="false" metricgroupid=".NET Common Language Runtime" displayaggregations="7" displayunit="bytes">
        <perfmonperformancecounter performanceobject="Process" instance="{monitored_process}" performancecounter="Pool Paged Bytes" />
        <color color.blue="192" color.green="0" color.red="192" />
      </measure>
      <measure id=".NET Memory Consumption (Peak)" rate="purepath" description="The maximum amount of virtual memory that the associated .NET process has requested." servicecontext="SERVER" istimeseries="true" ischartable="true" metricid=".NET Memory Consumption (Peak)" measuretype="PerfMonMeasure" isaggregated="false" metricgroupid=".NET Common Language Runtime" displayaggregations="7" displayunit="bytes">
        <perfmonperformancecounter performanceobject="Process" instance="{monitored_process}" performancecounter="Virtual Bytes Peak" />
        <color color.blue="128" color.green="64" color.red="192" />
      </measure>
      <measure id=".NET Memory Consumption (Virtual)" rate="purepath" description="Amount of virtual memory used by the monitored .NET Process." servicecontext="SERVER" istimeseries="true" ischartable="true" metricid=".NET Memory Consumption (Virtual)" measuretype="PerfMonMeasure" isaggregated="false" metricgroupid=".NET Common Language Runtime" displayaggregations="7" displayunit="bytes">
        <perfmonperformancecounter performanceobject="Process" instance="{monitored_process}" performancecounter="Virtual Bytes" />
        <color color.blue="128" color.green="192" color.red="64" />
      </measure>
      <measure id=".NET Processor Time (Privileged)" rate="purepath" description="Percentage of privileged CPU time (time that the process has spent running code inside the operating system core) generated by the monitored .NET Process." servicecontext="SERVER" istimeseries="true" ischartable="true" metricid=".NET Processor Time (Privileged)" measuretype="PerfMonMeasure" isaggregated="false" metricgroupid=".NET Common Language Runtime" displayaggregations="7" displayunit="percent">
        <perfmonperformancecounter performanceobject="Process" instance="{monitored_process}" performancecounter="% Privileged Time" />
        <color color.blue="128" color.green="64" color.red="128" />
      </measure>
      <measure id=".NET Processor Time (Total)" rate="purepath" description="Percentage of total CPU time (time that the process has spent running code inside the operating system core and in user mode) generated by the monitored .NET Process." servicecontext="SERVER" istimeseries="true" ischartable="true" metricid=".NET Processor Time (Total)" measuretype="PerfMonMeasure" isaggregated="false" metricgroupid=".NET Common Language Runtime" displayaggregations="7" displayunit="number">
        <perfmonperformancecounter performanceobject="Process" instance="{monitored_process}" performancecounter="% Processor Time" />
        <color color.blue="192" color.green="192" color.red="64" />
      </measure>
      <measure id=".NET Processor Time (User)" rate="purepath" description="Percentage of user CPU time (time that the process has spent running code in user mode) generated by the monitored .NET Process." servicecontext="SERVER" istimeseries="true" ischartable="true" metricid=".NET Processor Time (User)" measuretype="PerfMonMeasure" isaggregated="false" metricgroupid=".NET Common Language Runtime" displayaggregations="7" displayunit="number">
        <perfmonperformancecounter performanceobject="Process" instance="{monitored_process}" performancecounter="% User Time" />
        <color color.blue="192" color.green="0" color.red="128" />
      </measure>
      <measure id=".NET Thread Count" rate="purepath" description="The number of threads currently active in this .NET process." servicecontext="SERVER" istimeseries="true" ischartable="true" metricid=".NET Thread Count" measuretype="PerfMonMeasure" isaggregated="false" metricgroupid=".NET Common Language Runtime" displayaggregations="7" displayunit="number">
        <perfmonperformancecounter performanceobject="Process" instance="{monitored_process}" performancecounter="Thread Count" />
        <color color.blue="0" color.green="64" color.red="64" />
      </measure>
      <measure servicecontext="SERVER" id="Count" rate="purepath" istimeseries="true" description="Number of thrown Exceptions per PurePath (optionally filtered by a throwable class)." ischartable="true" metricid="Count" measuretype="ExceptionMeasure" isaggregated="false" throwableclassmath="contains" metricgroupid="Exceptions" displayaggregations="31" throwableclass="" displayunit="number">
        <color color.blue="128" color.green="0" color.red="192" />
      </measure>
      <measure id="PurePath CPU Duration" rate="purepath" description="CPU Duration of the PurePath from the entry event to the exit." servicecontext="SERVER" istimeseries="true" ischartable="true" metricid="PurePath CPU Duration" measuretype="Measure" isaggregated="false" metricgroupid="PurePaths" displayaggregations="31" displayunit="ms">
        <color color.blue="192" color.green="0" color.red="64" />
      </measure>
      <measure id="PurePath Duration" rate="purepath" description="Duration of a PurePath from the entry event to the exit." servicecontext="SERVER" istimeseries="true" ischartable="true" metricid="PurePath Duration" measuretype="Measure" isaggregated="false" metricgroupid="PurePaths" displayaggregations="31" displayunit="ms">
        <color color.blue="128" color.green="0" color.red="128" />
      </measure>
      <measure actionuseragent="Major" valuetomatch="" actiongeoinfo="Country" servicecontext="END_USER" matchignorewhitespaces="false" actiontype="" actionname="" id="Count End User Actions" matchcasesensitive="false" rate="purepath" istimeseries="true" description="Represents the number of end-user actions with the specified name. If no name is defined, all end-user actions of the PurePath are counted." ischartable="true" metricid="Count" measuretype="EndUserActionMeasure" isaggregated="false" match="contains" metricgroupid="End User Actions" actiontypematch="starts" displayaggregations="31" actionnamematch="starts" displayunit="number">
        <color color.blue="0" color.green="64" color.red="128" />
      </measure>
      <measure servicecontext="SERVER" id="Execution CPU Time JNDI" apimatch="equals" rate="purepath" istimeseries="true" description="Represents the CPU time that has been spent on methods of the given API without calls to other APIs." ischartable="true" metricid="Execution CPU Time" measuretype="ApiMeasure" api="JNDI" isaggregated="false" metricgroupid="API Breakdown" displayaggregations="31" displayunit="ms">
        <color color.blue="133" color.green="20" color.red="88" />
      </measure>
      <measure servicecontext="SERVER" id="Execution CPU Time RMI" apimatch="equals" rate="purepath" istimeseries="true" description="Represents the CPU time that has been spent on methods of the given API without calls to other APIs." ischartable="true" metricid="Execution CPU Time" measuretype="ApiMeasure" api="RMI" isaggregated="false" metricgroupid="API Breakdown" displayaggregations="31" displayunit="ms">
        <color color.blue="33" color.green="33" color.red="222" />
      </measure>
      <measure servicecontext="SERVER" id="Execution CPU Time Servlet" apimatch="equals" rate="purepath" istimeseries="true" description="Represents the CPU time that has been spent on methods of the given API without calls to other APIs." ischartable="true" metricid="Execution CPU Time" measuretype="ApiMeasure" api="Servlet" isaggregated="false" metricgroupid="API Breakdown" displayaggregations="31" displayunit="ms">
        <color color.blue="33" color.green="168" color.red="222" />
      </measure>
      <measure servicecontext="SERVER" id="Execution CPU Time JDBC" apimatch="equals" rate="purepath" istimeseries="true" description="Represents the CPU time that has been spent on methods of the given API without calls to other APIs." ischartable="true" metricid="Execution CPU Time" measuretype="ApiMeasure" api="JDBC" isaggregated="false" metricgroupid="API Breakdown" displayaggregations="31" displayunit="ms">
        <color color.blue="178" color.green="136" color.red="26" />
      </measure>
      <measure servicecontext="SERVER" id="Execution CPU Time EJB" apimatch="equals" rate="purepath" istimeseries="true" description="Represents the CPU time that has been spent on methods of the given API without calls to other APIs." ischartable="true" metricid="Execution CPU Time" measuretype="ApiMeasure" api="EJB" isaggregated="false" metricgroupid="API Breakdown" displayaggregations="31" displayunit="ms">
        <color color.blue="33" color.green="222" color.red="222" />
      </measure>
      <measure servicecontext="SERVER" id="Execution CPU Time Java Web Services" apimatch="equals" rate="purepath" istimeseries="true" description="Represents the CPU time that has been spent on methods of the given API without calls to other APIs." ischartable="true" metricid="Execution CPU Time" measuretype="ApiMeasure" api="Java Web Services" isaggregated="false" metricgroupid="API Breakdown" displayaggregations="31" displayunit="ms">
        <color color.blue="33" color.green="118" color.red="222" />
      </measure>
      <measure servicecontext="SERVER" id="Execution CPU Time JMS" apimatch="equals" rate="purepath" istimeseries="true" description="Represents the CPU time that has been spent on methods of the given API without calls to other APIs." ischartable="true" metricid="Execution CPU Time" measuretype="ApiMeasure" api="JMS" isaggregated="false" metricgroupid="API Breakdown" displayaggregations="31" displayunit="ms">
        <color color.blue="161" color.green="27" color.red="177" />
      </measure>
      <measure servicecontext="SERVER" id="Execution CPU Time App" apimatch="equals" rate="purepath" istimeseries="true" description="Represents the CPU time that has been spent on methods of the given API without calls to other APIs." ischartable="true" metricid="Execution CPU Time" measuretype="ApiMeasure" api="App" isaggregated="false" metricgroupid="API Breakdown" displayaggregations="31" displayunit="ms">
        <color color.blue="222" color.green="170" color.red="33" />
      </measure>
      <measure servicecontext="SERVER" id="Execution CPU Time XA" apimatch="equals" rate="purepath" istimeseries="true" description="Represents the CPU time that has been spent on methods of the given API without calls to other APIs." ischartable="true" metricid="Execution CPU Time" measuretype="ApiMeasure" api="XA" isaggregated="false" metricgroupid="API Breakdown" displayaggregations="31" displayunit="ms">
        <color color.blue="77" color.green="229" color.red="152" />
      </measure>
      <measure servicecontext="SERVER" id="Execution CPU Time JTA" apimatch="equals" rate="purepath" istimeseries="true" description="Represents the CPU time that has been spent on methods of the given API without calls to other APIs." ischartable="true" metricid="Execution CPU Time" measuretype="ApiMeasure" api="JTA" isaggregated="false" metricgroupid="API Breakdown" displayaggregations="31" displayunit="ms">
        <color color.blue="78" color.green="228" color.red="198" />
      </measure>
      <measure servicecontext="SERVER" id="Execution CPU Time Hibernate" apimatch="equals" rate="purepath" istimeseries="true" description="Represents the CPU time that has been spent on methods of the given API without calls to other APIs." ischartable="true" metricid="Execution CPU Time" measuretype="ApiMeasure" api="Hibernate" isaggregated="false" metricgroupid="API Breakdown" displayaggregations="31" displayunit="ms">
        <color color.blue="133" color.green="80" color.red="20" />
      </measure>
      <measure servicecontext="SERVER" id="Execution CPU Time Struts" apimatch="equals" rate="purepath" istimeseries="true" description="Represents the CPU time that has been spent on methods of the given API without calls to other APIs." ischartable="true" metricid="Execution CPU Time" measuretype="ApiMeasure" api="Struts" isaggregated="false" metricgroupid="API Breakdown" displayaggregations="31" displayunit="ms">
        <color color.blue="235" color.green="204" color.red="122" />
      </measure>
      <measure servicecontext="SERVER" id="Execution CPU Time ADO.NET" apimatch="equals" rate="purepath" istimeseries="true" description="Represents the CPU time that has been spent on methods of the given API without calls to other APIs." ischartable="true" metricid="Execution CPU Time" measuretype="ApiMeasure" api="ADO.NET" isaggregated="false" metricgroupid="API Breakdown" displayaggregations="31" displayunit="ms">
        <color color.blue="178" color.green="136" color.red="26" />
      </measure>
      <measure servicecontext="SERVER" id="Execution CPU Time ASP.NET" apimatch="equals" rate="purepath" istimeseries="true" description="Represents the CPU time that has been spent on methods of the given API without calls to other APIs." ischartable="true" metricid="Execution CPU Time" measuretype="ApiMeasure" api="ASP.NET" isaggregated="false" metricgroupid="API Breakdown" displayaggregations="31" displayunit="ms">
        <color color.blue="33" color.green="168" color.red="222" />
      </measure>
      <measure servicecontext="SERVER" id="Execution CPU Time .NET Remoting" apimatch="equals" rate="purepath" istimeseries="true" description="Represents the CPU time that has been spent on methods of the given API without calls to other APIs." ischartable="true" metricid="Execution CPU Time" measuretype="ApiMeasure" api=".NET Remoting" isaggregated="false" metricgroupid="API Breakdown" displayaggregations="31" displayunit="ms">
        <color color.blue="33" color.green="33" color.red="222" />
      </measure>
      <measure servicecontext="SERVER" id="Execution CPU Time .NET WCF" apimatch="equals" rate="purepath" istimeseries="true" description="Represents the CPU time that has been spent on methods of the given API without calls to other APIs." ischartable="true" metricid="Execution CPU Time" measuretype="ApiMeasure" api=".NET WCF" isaggregated="false" metricgroupid="API Breakdown" displayaggregations="31" displayunit="ms">
        <color color.blue="122" color.green="151" color.red="235" />
      </measure>
      <measure servicecontext="SERVER" id="Execution CPU Time .NET Web Services" apimatch="equals" rate="purepath" istimeseries="true" description="Represents the CPU time that has been spent on methods of the given API without calls to other APIs." ischartable="true" metricid="Execution CPU Time" measuretype="ApiMeasure" api=".NET Web Services" isaggregated="false" metricgroupid="API Breakdown" displayaggregations="31" displayunit="ms">
        <color color.blue="33" color.green="118" color.red="222" />
      </measure>
      <measure servicecontext="SERVER" id="Execution Time JNDI" apimatch="equals" rate="purepath" istimeseries="true" description="Represents the time that has been spent on methods of the given API without calls to other APIs." ischartable="true" metricid="Execution Time" measuretype="ApiMeasure" api="JNDI" isaggregated="false" metricgroupid="API Breakdown" displayaggregations="31" displayunit="ms">
        <color color.blue="133" color.green="20" color.red="88" />
      </measure>
      <measure servicecontext="SERVER" id="Execution Time RMI" apimatch="equals" rate="purepath" istimeseries="true" description="Represents the time that has been spent on methods of the given API without calls to other APIs." ischartable="true" metricid="Execution Time" measuretype="ApiMeasure" api="RMI" isaggregated="false" metricgroupid="API Breakdown" displayaggregations="31" displayunit="ms">
        <color color.blue="33" color.green="33" color.red="222" />
      </measure>
      <measure servicecontext="SERVER" id="Execution Time Servlet" apimatch="equals" rate="purepath" istimeseries="true" description="Represents the time that has been spent on methods of the given API without calls to other APIs." ischartable="true" metricid="Execution Time" measuretype="ApiMeasure" api="Servlet" isaggregated="false" metricgroupid="API Breakdown" displayaggregations="31" displayunit="ms">
        <color color.blue="33" color.green="168" color.red="222" />
      </measure>
      <measure servicecontext="SERVER" id="Execution Time JDBC" apimatch="equals" rate="purepath" istimeseries="true" description="Represents the time that has been spent on methods of the given API without calls to other APIs." ischartable="true" metricid="Execution Time" measuretype="ApiMeasure" api="JDBC" isaggregated="false" metricgroupid="API Breakdown" displayaggregations="31" displayunit="ms">
        <color color.blue="178" color.green="136" color.red="26" />
      </measure>
      <measure servicecontext="SERVER" id="Execution Time EJB" apimatch="equals" rate="purepath" istimeseries="true" description="Represents the time that has been spent on methods of the given API without calls to other APIs." ischartable="true" metricid="Execution Time" measuretype="ApiMeasure" api="EJB" isaggregated="false" metricgroupid="API Breakdown" displayaggregations="31" displayunit="ms">
        <color color.blue="33" color.green="222" color.red="222" />
      </measure>
      <measure servicecontext="SERVER" id="Execution Time Java Web Services" apimatch="equals" rate="purepath" istimeseries="true" description="Represents the time that has been spent on methods of the given API without calls to other APIs." ischartable="true" metricid="Execution Time" measuretype="ApiMeasure" api="Java Web Services" isaggregated="false" metricgroupid="API Breakdown" displayaggregations="31" displayunit="ms">
        <color color.blue="33" color.green="118" color.red="222" />
      </measure>
      <measure servicecontext="SERVER" id="Execution Time JMS" apimatch="equals" rate="purepath" istimeseries="true" description="Represents the time that has been spent on methods of the given API without calls to other APIs." ischartable="true" metricid="Execution Time" measuretype="ApiMeasure" api="JMS" isaggregated="false" metricgroupid="API Breakdown" displayaggregations="31" displayunit="ms">
        <color color.blue="161" color.green="27" color.red="177" />
      </measure>
      <measure servicecontext="SERVER" id="Execution Time App" apimatch="equals" rate="purepath" istimeseries="true" description="Represents the time that has been spent on methods of the given API without calls to other APIs." ischartable="true" metricid="Execution Time" measuretype="ApiMeasure" api="App" isaggregated="false" metricgroupid="API Breakdown" displayaggregations="31" displayunit="ms">
        <color color.blue="222" color.green="170" color.red="33" />
      </measure>
      <measure servicecontext="SERVER" id="Execution Time XA" apimatch="equals" rate="purepath" istimeseries="true" description="Represents the time that has been spent on methods of the given API without calls to other APIs." ischartable="true" metricid="Execution Time" measuretype="ApiMeasure" api="XA" isaggregated="false" metricgroupid="API Breakdown" displayaggregations="31" displayunit="ms">
        <color color.blue="77" color.green="229" color.red="152" />
      </measure>
      <measure servicecontext="SERVER" id="Execution Time JTA" apimatch="equals" rate="purepath" istimeseries="true" description="Represents the time that has been spent on methods of the given API without calls to other APIs." ischartable="true" metricid="Execution Time" measuretype="ApiMeasure" api="JTA" isaggregated="false" metricgroupid="API Breakdown" displayaggregations="31" displayunit="ms">
        <color color.blue="78" color.green="228" color.red="198" />
      </measure>
      <measure servicecontext="SERVER" id="Execution Time Hibernate" apimatch="equals" rate="purepath" istimeseries="true" description="Represents the time that has been spent on methods of the given API without calls to other APIs." ischartable="true" metricid="Execution Time" measuretype="ApiMeasure" api="Hibernate" isaggregated="false" metricgroupid="API Breakdown" displayaggregations="31" displayunit="ms">
        <color color.blue="133" color.green="80" color.red="20" />
      </measure>
      <measure servicecontext="SERVER" id="Execution Time Struts" apimatch="equals" rate="purepath" istimeseries="true" description="Represents the time that has been spent on methods of the given API without calls to other APIs." ischartable="true" metricid="Execution Time" measuretype="ApiMeasure" api="Struts" isaggregated="false" metricgroupid="API Breakdown" displayaggregations="31" displayunit="ms">
        <color color.blue="235" color.green="204" color.red="122" />
      </measure>
      <measure servicecontext="SERVER" id="Execution Time ADO.NET" apimatch="equals" rate="purepath" istimeseries="true" description="Represents the time that has been spent on methods of the given API without calls to other APIs." ischartable="true" metricid="Execution Time" measuretype="ApiMeasure" api="ADO.NET" isaggregated="false" metricgroupid="API Breakdown" displayaggregations="31" displayunit="ms">
        <color color.blue="178" color.green="136" color.red="26" />
      </measure>
      <measure servicecontext="SERVER" id="Execution Time ASP.NET" apimatch="equals" rate="purepath" istimeseries="true" description="Represents the time that has been spent on methods of the given API without calls to other APIs." ischartable="true" metricid="Execution Time" measuretype="ApiMeasure" api="ASP.NET" isaggregated="false" metricgroupid="API Breakdown" displayaggregations="31" displayunit="ms">
        <color color.blue="33" color.green="168" color.red="222" />
      </measure>
      <measure servicecontext="SERVER" id="Execution Time .NET Remoting" apimatch="equals" rate="purepath" istimeseries="true" description="Represents the time that has been spent on methods of the given API without calls to other APIs." ischartable="true" metricid="Execution Time" measuretype="ApiMeasure" api=".NET Remoting" isaggregated="false" metricgroupid="API Breakdown" displayaggregations="31" displayunit="ms">
        <color color.blue="33" color.green="33" color.red="222" />
      </measure>
      <measure servicecontext="SERVER" id="Execution Time .NET WCF" apimatch="equals" rate="purepath" istimeseries="true" description="Represents the time that has been spent on methods of the given API without calls to other APIs." ischartable="true" metricid="Execution Time" measuretype="ApiMeasure" api=".NET WCF" isaggregated="false" metricgroupid="API Breakdown" displayaggregations="31" displayunit="ms">
        <color color.blue="122" color.green="151" color.red="235" />
      </measure>
      <measure servicecontext="SERVER" id="Execution Time .NET Web Services" apimatch="equals" rate="purepath" istimeseries="true" description="Represents the time that has been spent on methods of the given API without calls to other APIs." ischartable="true" metricid="Execution Time" measuretype="ApiMeasure" api=".NET Web Services" isaggregated="false" metricgroupid="API Breakdown" displayaggregations="31" displayunit="ms">
        <color color.blue="33" color.green="118" color.red="222" />
      </measure>
      <measure servicecontext="SERVER" id="Execution Time .NET Components" apimatch="equals" rate="purepath" istimeseries="true" description="Represents the time that has been spent on methods of the given API without calls to other APIs." ischartable="true" metricid="Execution Time" measuretype="ApiMeasure" api=".NET Components" isaggregated="false" metricgroupid="API Breakdown" displayaggregations="31" displayunit="ms">
        <color color.blue="33" color.green="222" color.red="222" />
      </measure>
      <measure servicecontext="SERVER" id="Execution Time .NET Logging" apimatch="equals" rate="purepath" istimeseries="true" description="Represents the time that has been spent on methods of the given API without calls to other APIs." ischartable="true" metricid="Execution Time" measuretype="ApiMeasure" api=".NET Logging" isaggregated="false" metricgroupid="API Breakdown" displayaggregations="31" displayunit="ms">
        <color color.blue="177" color.green="222" color.red="33" />
      </measure>
      <measure servicecontext="SERVER" id="Execution Time .NET Exception" apimatch="equals" rate="purepath" istimeseries="true" description="Represents the time that has been spent on methods of the given API without calls to other APIs." ischartable="true" metricid="Execution Time" measuretype="ApiMeasure" api=".NET Exception" isaggregated="false" metricgroupid="API Breakdown" displayaggregations="31" displayunit="ms">
        <color color.blue="26" color.green="178" color.red="39" />
      </measure>
      <measure servicecontext="SERVER" logginglevel="" id="Count" rate="purepath" istimeseries="true" description="Number of logged lines per PurePath (optionally filtered by severity)." ischartable="true" metricid="Count" measuretype="LoggingMeasure" isaggregated="false" metricgroupid="Logging" displayaggregations="31" logginglevelmatch="contains" displayunit="number">
        <color color.blue="64" color.green="192" color.red="192" />
      </measure>
      <measure query="" matchignorewhitespaces="false" evaluation="stringValue" groupmeasurement="None" id="Bytes Received" servletargument="" rate="purepath" urimatch="equals" querymatch="contains" description="Represents the number of bytes received by the Web Request." metricgroupid="Web Requests" valuetomatch="" tagging="all" servicecontext="SERVER" taggedregex="" uri="" matchcasesensitive="false" istimeseries="true" ischartable="true" metricid="Bytes Received" measuretype="ServletMeasure" isaggregated="false" match="contains" displayaggregations="31" displayunit="bytes">
        <color color.blue="64" color.green="128" color.red="192" />
      </measure>
      <measure query="" matchignorewhitespaces="false" evaluation="stringValue" groupmeasurement="None" id="Bytes Sent" servletargument="" rate="purepath" urimatch="equals" querymatch="contains" description="Represents the number of bytes sent by the Web Request." metricgroupid="Web Requests" valuetomatch="" tagging="all" servicecontext="SERVER" taggedregex="" uri="" matchcasesensitive="false" istimeseries="true" ischartable="true" metricid="Bytes Sent" measuretype="ServletMeasure" isaggregated="false" match="contains" displayaggregations="31" displayunit="bytes">
        <color color.blue="64" color.green="64" color.red="128" />
      </measure>
      <measure query="" matchignorewhitespaces="false" evaluation="stringValue" groupmeasurement="None" id="Count" servletargument="" rate="purepath" urimatch="equals" querymatch="contains" description="Represents the number of calls to this Web Request (ASP.NET/Java Servlets) per PurePath." metricgroupid="Web Requests" valuetomatch="" tagging="all" servicecontext="SERVER" taggedregex="" uri="" matchcasesensitive="false" istimeseries="true" ischartable="true" metricid="Count" measuretype="ServletMeasure" isaggregated="false" match="contains" displayaggregations="31" displayunit="number">
        <color color.blue="192" color.green="128" color.red="0" />
      </measure>
      <measure query="" matchignorewhitespaces="false" evaluation="stringValue" groupmeasurement="None" id="Time" servletargument="" rate="purepath" urimatch="equals" querymatch="contains" description="Represents the time to process the declared Web Request (ASP.NET/Java Servlet) methods including further method calls." metricgroupid="Web Requests" valuetomatch="" tagging="all" servicecontext="SERVER" taggedregex="" uri="" matchcasesensitive="false" istimeseries="true" ischartable="true" metricid="Time" measuretype="ServletMeasure" isaggregated="false" match="contains" displayaggregations="31" displayunit="ms">
        <color color.blue="0" color.green="192" color.red="128" />
      </measure>
      <measure query="" matchignorewhitespaces="false" evaluation="stringValue" groupmeasurement="None" id="Web Server Bytes Received" servletargument="" rate="purepath" urimatch="equals" querymatch="contains" description="Represents the number of Bytes received by a Web Server Tier." metricgroupid="Web Requests" valuetomatch="" tagging="all" servicecontext="SERVER" taggedregex="" uri="" matchcasesensitive="false" istimeseries="true" ischartable="true" metricid="Web Server Bytes Received" measuretype="ServletMeasure" isaggregated="false" match="contains" displayaggregations="31" displayunit="bytes">
        <color color.blue="128" color.green="192" color.red="64" />
      </measure>
      <measure query="" matchignorewhitespaces="false" evaluation="stringValue" groupmeasurement="None" id="Web Server Bytes Sent" servletargument="" rate="purepath" urimatch="equals" querymatch="contains" description="Represents the number of Bytes sent by a Web Server Tier." metricgroupid="Web Requests" valuetomatch="" tagging="all" servicecontext="SERVER" taggedregex="" uri="" matchcasesensitive="false" istimeseries="true" ischartable="true" metricid="Web Server Bytes Sent" measuretype="ServletMeasure" isaggregated="false" match="contains" displayaggregations="31" displayunit="bytes">
        <color color.blue="0" color.green="64" color.red="0" />
      </measure>
      <measure query="" matchignorewhitespaces="false" evaluation="stringValue" groupmeasurement="None" id="Webserver HTTP Response Status Code" servletargument="" rate="purepath" urimatch="equals" querymatch="contains" description="Represents the HTTP response status code." metricgroupid="Web Requests" valuetomatch="" tagging="all" servicecontext="SERVER" taggedregex="" uri="" matchcasesensitive="false" istimeseries="true" ischartable="true" metricid="Webserver HTTP Response Status Code" measuretype="ServletMeasure" isaggregated="false" match="contains" displayaggregations="31" displayunit="number">
        <color color.blue="64" color.green="0" color.red="0" />
      </measure>
      <measure actionuseragent="Major" valuetomatch="" actiongeoinfo="Country" servicecontext="END_USER" matchignorewhitespaces="false" actiontype="" actionname="" id="Count End User Errors" matchcasesensitive="false" rate="purepath" istimeseries="true" description="Represents the number of end-user errors." ischartable="true" metricid="Count" measuretype="EndUserActionMeasure" isaggregated="false" match="contains" metricgroupid="End User Errors" actiontypematch="starts" displayaggregations="31" actionnamematch="starts" displayunit="number">
        <color color.blue="128" color.green="128" color.red="192" />
      </measure>
      <measure query="" matchignorewhitespaces="false" evaluation="stringValue" groupmeasurement="None" id="URI Pattern Value" servletargument="(/[^/]*).*" rate="purepath" urimatch="equals" querymatch="contains" description="Represents the number of Web Request (ASP.NET/Java Servlets) invocations that match a specific URI pattern." metricgroupid="Business Transaction Evaluation/Filter/Grouping Values" valuetomatch="" tagging="all" servicecontext="SERVER" taggedregex="" uri="" matchcasesensitive="false" istimeseries="true" ischartable="false" metricid="URI Pattern Value" measuretype="ServletMeasure" isaggregated="false" match="contains" displayaggregations="31" displayunit="number">
        <color color.blue="192" color.green="64" color.red="128" />
      </measure>
      <measure query="" matchignorewhitespaces="false" evaluation="stringValue" groupmeasurement="None" id="Web Requests - User Agent - filter bot, spider, ..." servletargument="UserAgent" rate="purepath" urimatch="equals" querymatch="contains" description="Indicates if the declared Web Request came from a specific user agent within a PurePath. Used for Business Transactions." metricgroupid="Business Transaction Evaluation/Filter/Grouping Values" valuetomatch="^(.(?!(\+http)))*$" tagging="all" servicecontext="SERVER" taggedregex="" uri="" matchcasesensitive="false" istimeseries="true" ischartable="false" metricid="Web Requests - User Agent" measuretype="ServletMeasure" isaggregated="false" match="regex" displayaggregations="31" displayunit="number">
        <thresholds threshold.upper.severe="1.0" />
        <color color.blue="128" color.green="64" color.red="128" />
      </measure>
      <measure servicecontext="SERVER" id="Count Backend" rate="purepath" techtype="7" istimeseries="true" description="Represents the number of subpaths started in the specified Tier." ischartable="true" metricid="Count" measuretype="TierSubPathMeasure" isaggregated="false" metricgroupid="Tier Subpaths" displayaggregations="31" displayunit="number">
        <color color.blue="0" color.green="128" color.red="192" />
      </measure>
      <measure servicecontext="SERVER" id="Count Web Server" rate="purepath" techtype="16" istimeseries="true" description="Represents the number of subpaths started in the specified Tier." ischartable="true" metricid="Count" measuretype="TierSubPathMeasure" isaggregated="false" metricgroupid="Tier Subpaths" displayaggregations="31" displayunit="number">
        <color color.blue="0" color.green="128" color.red="192" />
      </measure>
      <measure servicecontext="SERVER" id="Time Backend" rate="purepath" techtype="7" istimeseries="true" description="Represents the total execution time of subpaths started in the specified Tier." ischartable="true" metricid="Time" measuretype="TierSubPathMeasure" isaggregated="false" metricgroupid="Tier Subpaths" displayaggregations="31" displayunit="ms">
        <color color.blue="64" color.green="64" color.red="128" />
      </measure>
      <measure servicecontext="SERVER" id="Time Web Server" rate="purepath" techtype="16" istimeseries="true" description="Represents the total execution time of subpaths started in the specified Tier." ischartable="true" metricid="Time" measuretype="TierSubPathMeasure" isaggregated="false" metricgroupid="Tier Subpaths" displayaggregations="31" displayunit="ms">
        <color color.blue="64" color.green="64" color.red="128" />
      </measure>
      <measure id="CPU time system" rate="purepath" description="Process CPU time spent in system (kernel) mode." servicecontext="SERVER" istimeseries="true" ischartable="true" metricid="CPU time system" measuretype="ProcessPerformanceMeasure" isaggregated="false" metricgroupid="Process Performance" displayaggregations="31" displayunit="ns">
        <com.dynatrace.diagnostics.global.processperformancemeasureconfig />
        <color color.blue="64" color.green="0" color.red="0" />
      </measure>
      <measure id="CPU time user" rate="purepath" description="Process CPU time spent in user mode." servicecontext="SERVER" istimeseries="true" ischartable="true" metricid="CPU time user" measuretype="ProcessPerformanceMeasure" isaggregated="false" metricgroupid="Process Performance" displayaggregations="31" displayunit="ns">
        <com.dynatrace.diagnostics.global.processperformancemeasureconfig />
        <color color.blue="0" color.green="128" color.red="192" />
      </measure>
      <measure id="Current CPU load" rate="purepath" description="Percentage of total CPU load generated by monitored Process." servicecontext="SERVER" istimeseries="true" ischartable="true" metricid="Current CPU load" measuretype="ProcessPerformanceMeasure" isaggregated="false" metricgroupid="Process Performance" displayaggregations="31" displayunit="percent">
        <com.dynatrace.diagnostics.global.processperformancemeasureconfig />
        <color color.blue="192" color.green="192" color.red="192" />
      </measure>
      <measure id="Current Overall Memory Consumption" rate="purepath" description="Amount of memory consumed by the monitored Process." servicecontext="SERVER" istimeseries="true" ischartable="true" metricid="Current Overall Memory Consumption" measuretype="ProcessPerformanceMeasure" isaggregated="false" metricgroupid="Process Performance" displayaggregations="31" displayunit="kilobytes">
        <com.dynatrace.diagnostics.global.processperformancemeasureconfig />
        <color color.blue="192" color.green="128" color.red="64" />
      </measure>
      <measure id="Current Thread count" rate="purepath" description="Number of operating system threads in the monitored process." servicecontext="SERVER" istimeseries="true" ischartable="true" metricid="Current Thread count" measuretype="ProcessPerformanceMeasure" isaggregated="false" metricgroupid="Process Performance" displayaggregations="31" displayunit="number">
        <com.dynatrace.diagnostics.global.processperformancemeasureconfig />
        <color color.blue="64" color.green="0" color.red="128" />
      </measure>
      <measure query="" servicecontext="END_USER" uri="" id="Count Pages" rate="purepath" urimatch="equals" pagetitlematch="equals" querymatch="contains" istimeseries="true" description="Represents the number of end-user  PurePath.  with the specified name. If no name is defined, all end-user PurePath are measured." ischartable="true" metricid="Count" measuretype="EndUserPageMeasure" isaggregated="false" metricgroupid="Pages" displayaggregations="31" displayunit="number" pagetitle="">
        <color color.blue="128" color.green="192" color.red="192" />
      </measure>
      <measure query="" servicecontext="END_USER" uri="" id="Load Time" rate="purepath" urimatch="equals" pagetitlematch="equals" querymatch="contains" istimeseries="true" description="Represents the duration of end-user PurePath with the specified action name. If no name is defined, all end-user PurePath are measured." ischartable="true" metricid="Load Time" measuretype="EndUserPageMeasure" isaggregated="false" metricgroupid="Pages" displayaggregations="31" displayunit="ms" pagetitle="">
        <color color.blue="128" color.green="192" color.red="0" />
      </measure>
      <measure query="" servicecontext="END_USER" uri="" id="Network Latency" rate="purepath" urimatch="equals" pagetitlematch="equals" querymatch="contains" istimeseries="true" description="Represents the network latency of an end-user PurePath with the specified action name. If no name is defined, all end-user PurePath are measured." ischartable="true" metricid="Network Latency" measuretype="EndUserPageMeasure" isaggregated="false" metricgroupid="Pages" displayaggregations="31" displayunit="ms" pagetitle="">
        <color color.blue="0" color.green="64" color.red="192" />
      </measure>
      <measure id="SUD High CPU Usage" rate="purepath" description="Percentage of total CPU load generated by monitored Process." servicecontext="SERVER" istimeseries="true" ischartable="false" metricid="Current CPU load" measuretype="ProcessPerformanceMeasure" isaggregated="false" metricgroupid="Process Performance" displayaggregations="31" displayunit="percent">
        <com.dynatrace.diagnostics.global.processperformancemeasureconfig />
        <thresholds threshold.upper.warning="90.0" />
        <color color.blue="192" color.green="192" color.red="128" />
      </measure>
      <measure id="SUD High GC Activity - CPU Utilization" rate="purepath" description="Percentage of total CPU load generated by monitored Process." servicecontext="SERVER" istimeseries="true" ischartable="false" metricid="Current CPU load" measuretype="ProcessPerformanceMeasure" isaggregated="false" metricgroupid="Process Performance" displayaggregations="31" displayunit="percent">
        <com.dynatrace.diagnostics.global.processperformancemeasureconfig />
        <thresholds threshold.upper.warning="20.0" />
        <color color.blue="192" color.green="192" color.red="128" />
      </measure>
      <measure id="SUD High GC Activity - GC Utilization" rate="purepath" description="Percentage of garbage collection time related to CPU time of the Java Virtual Machine within the last sample interval (10s)." servicecontext="SERVER" istimeseries="true" ischartable="false" metricid="Total GC Utilization" measuretype="Measure" isaggregated="false" metricgroupid="Java Virtual Machine" displayaggregations="31" displayunit="percent">
        <thresholds threshold.upper.warning="20.0" />
        <color color.blue="0" color.green="0" color.red="192" />
      </measure>
      <measure id="SUD High Memory Usage" rate="purepath" description="Percentage of used memory related to max memory of the Virtual Machine." servicecontext="SERVER" istimeseries="true" ischartable="false" metricid="Memory Utilization" measuretype="Measure" isaggregated="false" metricgroupid="Java Virtual Machine" displayaggregations="31" displayunit="percent">
        <thresholds threshold.upper.warning="90.0" />
        <color color.blue="192" color.green="192" color.red="192" />
      </measure>
    </measures>
    <schedules rev="2c4f4360-867f-4dac-ad4e-2b57e87360fa">
      <schedule id="Every 10 Seconds" timezone="America/New_York" useservertimezone="false">
        <trigger recurrmode="seconds" interval="10" endmode="date" repeat="-1" end="0" begin="0" include="true" />
      </schedule>
      <schedule id="Every Minute" timezone="America/New_York" useservertimezone="false">
        <trigger recurrmode="minutes" interval="1" endmode="date" repeat="-1" end="0" begin="0" include="true" />
      </schedule>
      <schedule id="Every 10 Minutes" timezone="America/New_York" useservertimezone="false">
        <trigger recurrmode="minutes" interval="10" endmode="date" repeat="-1" end="0" begin="1280322942968" include="true" />
      </schedule>
      <schedule id="Every Hour" timezone="America/New_York" useservertimezone="false">
        <trigger recurrmode="hours" interval="1" endmode="date" repeat="-1" end="0" begin="0" include="true" />
      </schedule>
    </schedules>
    <tasks rev="cdd93f2b-fd77-43cd-9519-b883e20ab049" />
    <monitors rev="cdd93f2b-fd77-43cd-9519-b883e20ab049" />
    <configurations>
      <configuration id="Default" description="" active="true" />
    </configurations>
    <transactions rev="e00d02f1-80b1-47b8-83fb-e6375a40cd0b">
      <transaction id="Web Request Transactions" aggregategroups="false" description="">
        <value>
          <measure aggregategroups="false" isnumerical="false" servicecontext="SERVER" transactionname="Web Request Transactions" id="Web Request Transactions (Bytes Received;Web Requests;Bytes Received)" rate="purepath" istimeseries="true" description="-" ischartable="true" metricid="Value" measuretype="TransactionMeasure" isaggregated="true" metricgroupid="Business Transaction Results" displayaggregations="31" displayunit="bytes">
            <color color.blue="64" color.green="128" color.red="192" />
          </measure>
          <measure aggregategroups="false" isnumerical="false" servicecontext="SERVER" transactionname="Web Request Transactions" id="Web Request Transactions (Bytes Sent;Web Requests;Bytes Sent)" rate="purepath" istimeseries="true" description="-" ischartable="true" metricid="Value" measuretype="TransactionMeasure" isaggregated="true" metricgroupid="Business Transaction Results" displayaggregations="31" displayunit="bytes">
            <color color.blue="64" color.green="64" color.red="128" />
          </measure>
          <measure aggregategroups="false" isnumerical="false" servicecontext="SERVER" transactionname="Web Request Transactions" id="Web Request Transactions (Time;Web Requests;Time)" rate="purepath" istimeseries="true" description="-" ischartable="true" metricid="Value" measuretype="TransactionMeasure" isaggregated="true" metricgroupid="Business Transaction Results" displayaggregations="31" displayunit="ms">
            <color color.blue="0" color.green="192" color.red="128" />
          </measure>
        </value>
        <filter>
          <measureref aggregate="avg" logicaloperator="and" refmetric="Web Requests - User Agent" refmetricgroup="Business Transaction Evaluation/Filter/Grouping Values" refmeasure="Web Requests - User Agent - filter bot, spider, ..." />
        </filter>
        <group>
          <measureref aggregate="avg" logicaloperator="and" refmetric="URI Pattern Value" refmetricgroup="Business Transaction Evaluation/Filter/Grouping Values" refmeasure="URI Pattern Value" />
        </group>
        <evaluate>
          <measureref aggregate="avg" logicaloperator="and" refmetric="Bytes Received" refmetricgroup="Web Requests" refmeasure="Bytes Received" />
          <measureref aggregate="avg" logicaloperator="and" refmetric="Bytes Sent" refmetricgroup="Web Requests" refmeasure="Bytes Sent" />
          <measureref aggregate="avg" logicaloperator="and" refmetric="Time" refmetricgroup="Web Requests" refmeasure="Time" />
        </evaluate>
      </transaction>
    </transactions>
    <incidentrules rev="a63386c1-9074-4698-82fa-917dbcf745ee">
      <incidentrule id="SUD unavailable" flags="1" incidentdashboardname="Incident Dashboard" description="A prior connected SUD was shut down.">
        <sensitivity id="perViolation" duration="0" minnonviolatedperiod="60" delay="0" />
        <actions>
          <actionref bundleversion="0.0.0" rolekey="com.dynatrace.diagnostics.logging" smartalert="false" severity="warning" type="Logging Notification" refaction="com.dynatrace.diagnostics.logging" key="com.dynatrace.diagnostics.logging" execution="begin" roletype="1" />
        </actions>
      </incidentrule>
      <incidentrule id="SUD unavailable (unexpected)" flags="1" incidentdashboardname="Incident Dashboard" description="Connection to a previously connected SUD/Agent has been lost.">
        <sensitivity id="perViolation" duration="0" minnonviolatedperiod="60" delay="0" />
        <actions>
          <actionref bundleversion="0.0.0" rolekey="com.dynatrace.diagnostics.logging" smartalert="false" severity="severe" type="Logging Notification" refaction="com.dynatrace.diagnostics.logging" key="com.dynatrace.diagnostics.logging" execution="begin" roletype="1" />
          <actionref bundleversion="0.0.0" rolekey="com.dynatrace.diagnostics.plugins.EmailNotificationAction" smartalert="false" severity="informational" type="Email Notification" refaction="com.dynatrace.diagnostics.plugins.EmailNotification" key="com.dynatrace.diagnostics.plugins.EmailNotification" execution="beginAndEnd" roletype="1">
            <property typeid="string" value="" key="from" />
            <property typeid="string" value="group[Incident Email Group]" key="to" />
            <property typeid="string" value="" key="cc" />
            <property typeid="string" value="" key="bcc" />
            <property typeid="string" value="[dynaTrace]" key="subjectPrefix" />
          </actionref>
        </actions>
      </incidentrule>
      <incidentrule id="Conflicting Agent JVM Options" flags="1" incidentdashboardname="Incident Dashboard" description="Raises incidents for conflicting jvm options">
        <sensitivity id="perViolation" duration="0" minnonviolatedperiod="60" delay="0" />
        <actions>
          <actionref bundleversion="0.0.0" rolekey="com.dynatrace.diagnostics.logging" smartalert="false" severity="informational" type="Logging Notification" refaction="com.dynatrace.diagnostics.logging" key="com.dynatrace.diagnostics.logging" execution="begin" roletype="1" />
        </actions>
      </incidentrule>
      <incidentrule id="Agent Connected" flags="1" incidentdashboardname="Incident Dashboard" description="Raises incidents for individual connected agents.">
        <sensitivity id="perViolation" duration="0" minnonviolatedperiod="60" delay="0" />
        <actions>
          <actionref bundleversion="0.0.0" rolekey="com.dynatrace.diagnostics.logging" smartalert="false" severity="informational" type="Logging Notification" refaction="com.dynatrace.diagnostics.logging" key="com.dynatrace.diagnostics.logging" execution="begin" roletype="1" />
        </actions>
      </incidentrule>
      <incidentrule id="Agent Timer" flags="1" incidentdashboardname="Incident Dashboard" description="A connected agent uses a low-resolution timer.">
        <sensitivity id="perViolation" duration="0" minnonviolatedperiod="60" delay="0" />
        <actions>
          <actionref bundleversion="0.0.0" rolekey="com.dynatrace.diagnostics.logging" smartalert="false" severity="warning" type="Logging Notification" refaction="com.dynatrace.diagnostics.logging" key="com.dynatrace.diagnostics.logging" execution="begin" roletype="1" />
        </actions>
      </incidentrule>
      <incidentrule id="Session Cleared" flags="1" incidentdashboardname="Incident Dashboard" description="Session was cleared.">
        <sensitivity id="perViolation" duration="0" minnonviolatedperiod="60" delay="0" />
        <actions>
          <actionref bundleversion="0.0.0" rolekey="com.dynatrace.diagnostics.logging" smartalert="false" severity="warning" type="Logging Notification" refaction="com.dynatrace.diagnostics.logging" key="com.dynatrace.diagnostics.logging" execution="begin" roletype="1" />
        </actions>
      </incidentrule>
      <incidentrule id="System Profile Changed" flags="1" incidentdashboardname="Incident Dashboard" description="The system profile configuration changed.">
        <sensitivity id="perViolation" duration="0" minnonviolatedperiod="60" delay="0" />
        <actions>
          <actionref bundleversion="0.0.0" rolekey="com.dynatrace.diagnostics.logging" smartalert="false" severity="informational" type="Logging Notification" refaction="com.dynatrace.diagnostics.logging" key="com.dynatrace.diagnostics.logging" execution="begin" roletype="1" />
        </actions>
      </incidentrule>
      <incidentrule id="SUD High CPU Usage" flags="1" incidentdashboardname="Incident Dashboard" description="Creates an incident when high cpu usage is detected for a longer period.">
        <conditions>
          <condition aggregate="avg" logicaloperator="and" thresholdseverity="warning" refmetric="Current CPU load" refmetricgroup="Process Performance" refmeasure="SUD High CPU Usage" />
        </conditions>
        <sensitivity id="userdefined" duration="30" minnonviolatedperiod="30" delay="0" />
        <actions>
          <actionref bundleversion="0.0.0" rolekey="com.dynatrace.diagnostics.logging" smartalert="false" severity="warning" type="Logging Notification" refaction="com.dynatrace.diagnostics.logging" key="com.dynatrace.diagnostics.logging" execution="begin" roletype="1" />
        </actions>
      </incidentrule>
      <incidentrule id="SUD High GC Activity" flags="1" incidentdashboardname="Incident Dashboard" description="Fires an incident when a high amount of process time is used for garbage collection.">
        <conditions>
          <condition aggregate="max" logicaloperator="and" thresholdseverity="warning" refmetric="Current CPU load" refmetricgroup="Process Performance" refmeasure="SUD High GC Activity - CPU Utilization" />
          <condition aggregate="max" logicaloperator="and" thresholdseverity="warning" refmetric="Total GC Utilization" refmetricgroup="Java Virtual Machine" refmeasure="SUD High GC Activity - GC Utilization" />
        </conditions>
        <sensitivity id="perViolation" duration="0" minnonviolatedperiod="60" delay="0" />
        <actions>
          <actionref bundleversion="0.0.0" rolekey="com.dynatrace.diagnostics.logging" smartalert="false" severity="warning" type="Logging Notification" refaction="com.dynatrace.diagnostics.logging" key="com.dynatrace.diagnostics.logging" execution="begin" roletype="1" />
        </actions>
      </incidentrule>
      <incidentrule id="SUD High Memory Usage" flags="1" incidentdashboardname="Incident Dashboard" description="Memory usage sustained at a high percentage for a longer time period.">
        <conditions>
          <condition aggregate="max" logicaloperator="and" thresholdseverity="warning" refmetric="Memory Utilization" refmetricgroup="Java Virtual Machine" refmeasure="SUD High Memory Usage" />
        </conditions>
        <sensitivity id="userdefined" duration="300" minnonviolatedperiod="30" delay="0" />
        <actions>
          <actionref bundleversion="0.0.0" rolekey="com.dynatrace.diagnostics.logging" smartalert="false" severity="warning" type="Logging Notification" refaction="com.dynatrace.diagnostics.logging" key="com.dynatrace.diagnostics.logging" execution="begin" roletype="1" />
        </actions>
      </incidentrule>
      <incidentrule id="Test Violation" flags="1" incidentdashboardname="Incident Dashboard" description="A test violation (test has degraded or failed, or is volatile) occurred.">
        <sensitivity id="perViolation" duration="0" minnonviolatedperiod="60" delay="0" />
        <actions>
          <actionref bundleversion="0.0.0" rolekey="com.dynatrace.diagnostics.logging" smartalert="false" severity="informational" type="Logging Notification" refaction="com.dynatrace.diagnostics.logging" key="com.dynatrace.diagnostics.logging" execution="begin" roletype="1" />
          <actionref bundleversion="0.0.0" rolekey="com.dynatrace.diagnostics.plugins.EmailNotificationAction" smartalert="false" severity="warning" type="Email Notification" refaction="com.dynatrace.diagnostics.plugins.EmailNotification" key="com.dynatrace.diagnostics.plugins.EmailNotification" execution="begin" roletype="1">
            <property typeid="string" value="" key="from" />
            <property typeid="string" value="" key="to" />
            <property typeid="string" value="" key="cc" />
            <property typeid="string" value="" key="bcc" />
            <property typeid="string" value="[dynaTrace CI]" key="subjectPrefix" />
          </actionref>
        </actions>
      </incidentrule>
      <incidentrule id="Out-of-Memory on SUD" flags="1" incidentdashboardname="Incident Dashboard" description="SUD reported Out-of-memory. A Memory Dump will we automatically triggered if not disabled in the Agent group settings.">
        <sensitivity id="perViolation" duration="0" minnonviolatedperiod="60" delay="0" />
        <actions>
          <actionref bundleversion="0.0.0" rolekey="com.dynatrace.diagnostics.logging" smartalert="false" severity="severe" type="Logging Notification" refaction="com.dynatrace.diagnostics.logging" key="com.dynatrace.diagnostics.logging" execution="begin" roletype="1" />
          <actionref bundleversion="0.0.0" rolekey="com.dynatrace.diagnostics.plugins.EmailNotificationAction" smartalert="false" severity="informational" type="Email Notification" refaction="com.dynatrace.diagnostics.plugins.EmailNotification" key="com.dynatrace.diagnostics.plugins.EmailNotification" execution="begin" roletype="1">
            <property typeid="string" value="" key="from" />
            <property typeid="string" value="group[Incident Email Group]" key="to" />
            <property typeid="string" value="" key="cc" />
            <property typeid="string" value="" key="bcc" />
            <property typeid="string" value="[dynaTrace]" key="subjectPrefix" />
          </actionref>
        </actions>
      </incidentrule>
    </incidentrules>
    <mastermonitors rev="c52b60af-f104-49e6-a2ae-829c33178be6">
      <mastermonitor id="Google Analytics Monitor">
        <mastermonitorconfig desc="Uses the Google Analystics API to query the latest Page Visits, Bounce Rates, ... metrics from Google Analytics" scheduleref="Every 10 Minutes" paused="true" timeout="0">
          <hostexpr>
            <parthostexpr>
              <hostterm value="Local site" type="0" />
            </parthostexpr>
          </hostexpr>
          <targetexpr>
            <targetterm value="Embedded dynaTrace Collector" type="1" />
          </targetexpr>
          <config sourcebundlename="com.dynatrace.diagnostics.plugin.GoogleAnalytics" bundleversion="1.0.0" rolekey="com.dynatrace.diagnostics.plugin.GoogleAnalytics.monitor" rolesourcebundlename="com.dynatrace.diagnostics.plugin.GoogleAnalytics" key="com.dynatrace.diagnostics.plugin.GoogleAnalytics" roletype="2">
            <property typeid="string" value="youraccount@gmail.com" key="googleAccountName" />
            <property typeid="password" value="" key="googleAccountPassword" />
            <property typeid="string" value="yourwebsite.com" key="website" />
            <property typeid="boolean" value="false" key="lastEntry" />
            <property typeid="boolean" value="true" key="includeHours" />
            <property typeid="boolean" value="true" key="logDetails" />
          </config>
          <executionstrategy workersize="0" strategy="1" />
        </mastermonitorconfig>
        <measures>
          <measure id="Bounces" rate="purepath" description="Number of visitors bounced" servicecontext="SERVER" istimeseries="true" ischartable="true" metricid="Bounces" measuretype="MonitorMeasure" isaggregated="false" metricgroupid="Analytics" displayaggregations="31" displayunit="number">
            <configuration subscribed="true" />
            <color color.blue="0" color.green="0" color.red="255" />
          </measure>
          <measure id="Exits" rate="purepath" description="Number of Exits" servicecontext="SERVER" istimeseries="true" ischartable="true" metricid="Exits" measuretype="MonitorMeasure" isaggregated="false" metricgroupid="Analytics" displayaggregations="31" displayunit="number">
            <configuration subscribed="true" />
            <color color.blue="0" color.green="255" color.red="255" />
          </measure>
          <measure id="New Visits" rate="purepath" description="Number of New Visitors on the page" servicecontext="SERVER" istimeseries="true" ischartable="true" metricid="New Visits" measuretype="MonitorMeasure" isaggregated="false" metricgroupid="Analytics" displayaggregations="31" displayunit="number">
            <configuration subscribed="true" />
            <color color.blue="0" color.green="255" color.red="0" />
          </measure>
          <measure id="PageViews" rate="purepath" description="Number of PageViews in the last query period" servicecontext="SERVER" istimeseries="true" ischartable="true" metricid="PageViews" measuretype="MonitorMeasure" isaggregated="false" metricgroupid="Analytics" displayaggregations="31" displayunit="number">
            <configuration subscribed="true" />
            <color color.blue="255" color.green="0" color.red="0" />
          </measure>
          <measure id="Time on Page" rate="purepath" description="Time spent on page" servicecontext="SERVER" istimeseries="true" ischartable="true" metricid="Time on Page" measuretype="MonitorMeasure" isaggregated="false" metricgroupid="Analytics" displayaggregations="31" displayunit="s">
            <configuration subscribed="true" />
            <color color.blue="255" color.green="0" color.red="128" />
          </measure>
          <measure id="Time on Site" rate="purepath" description="Time spent on Site" servicecontext="SERVER" istimeseries="true" ischartable="true" metricid="Time on Site" measuretype="MonitorMeasure" isaggregated="false" metricgroupid="Analytics" displayaggregations="31" displayunit="s">
            <configuration subscribed="true" />
            <color color.blue="128" color.green="128" color.red="64" />
          </measure>
          <measure id="Visits" rate="purepath" description="Number of total Visits" servicecontext="SERVER" istimeseries="true" ischartable="true" metricid="Visits" measuretype="MonitorMeasure" isaggregated="false" metricgroupid="Analytics" displayaggregations="31" displayunit="number">
            <configuration subscribed="true" />
            <color color.blue="0" color.green="128" color.red="255" />
          </measure>
        </measures>
      </mastermonitor>
    </mastermonitors>
    <visualizationconfig agentsymbolimagesize="64" agentlabelfontsize="10">
      <visualdata zoom="1.0" sessionid="Google Analytics">
        <layouts sessionid="Google Analytics">
          <grouplayout />
          <agentlayout />
        </layouts>
      </visualdata>
    </visualizationconfig>
  </systemprofile>
</dynatrace>

